file_name,pKa,pKa_energy,RMSD,energy_kcal/mol_ref,pdbid
./SampleStructures/188l/smina_188l_docking_1052.pdb,3.327902142064284,-4.568249926238535,1.6722,0.0,188l
./SampleStructures/188l/smina_188l_docking_0009.pdb,3.2507472137576388,-4.4623384599454985,1.7379,0.10591146629303694,188l
./SampleStructures/188l/smina_188l_docking_0346.pdb,3.0110314406419376,-4.133277833729266,1.6493,0.4349720925092697,188l
./SampleStructures/188l/smina_188l_docking_0676.pdb,2.9491114353232284,-4.048279523185668,1.6449,0.5199704030528665,188l
./SampleStructures/188l/smina_188l_docking_0235.pdb,2.7064070654168595,-3.7151164154403187,1.629,0.8531335107982159,188l
./SampleStructures/188l/smina_188l_docking_0505.pdb,2.291977273117864,-3.1462238256700608,2.1443,1.4220261005684731,188l
./SampleStructures/188l/smina_188l_docking_1063.pdb,2.219474804131777,-3.0466988443278047,2.4457,1.5215510819107294,188l
./SampleStructures/188l/smina_188l_docking_1104.pdb,2.159012764605148,-2.963701900362252,1.2381,1.6045480258762836,188l
./SampleStructures/188l/smina_188l_docking_0744.pdb,2.149574070312105,-2.9507452950693938,2.4423,1.6175046311691403,188l
./SampleStructures/188l/smina_188l_docking_0884.pdb,2.14828459533933,-2.948975217796145,2.4377,1.61927470844239,188l
./SampleStructures/188l/smina_188l_docking_0623.pdb,2.0866944689175297,-2.8644297358460995,2.4377,1.7038201903924346,188l
./SampleStructures/188l/smina_188l_docking_0193.pdb,1.934636172602983,-2.6556975462354995,2.4488,1.9125523800030348,188l
./SampleStructures/188l/smina_188l_docking_1105.pdb,1.8996901488205693,-2.607726733467755,2.4439,1.9605231927707791,188l
./SampleStructures/188l/smina_188l_docking_0443.pdb,1.697792823810293,-2.330579930252609,2.0391,2.2376699959859248,188l
./SampleStructures/188l/smina_188l_docking_0894.pdb,1.6933526441288649,-2.3244848440282317,1.7612,2.2437650822103024,188l
./SampleStructures/188l/smina_188l_docking_0832.pdb,1.6557139932894358,-2.2728178308226443,0.9352,2.29543209541589,188l
./SampleStructures/188l/smina_188l_docking_0627.pdb,1.6356956197068866,-2.245338376878974,2.3693,2.32291154935956,188l
./SampleStructures/188l/smina_188l_docking_0534.pdb,1.5295178887750889,-2.0995869723029705,2.4384,2.468662953935564,188l
./SampleStructures/188l/smina_188l_docking_0086.pdb,1.4247570092837631,-1.955780496156988,2.4444,2.6124694300815463,188l
./SampleStructures/188l/smina_188l_docking_0736.pdb,1.4078490300270172,-1.9325707166336752,2.4504,2.63567920960486,188l
./SampleStructures/188l/smina_188l_docking_0046.pdb,1.2699163134717677,-1.7432288744367932,2.4444,2.825021051801741,188l
./SampleStructures/188l/smina_188l_docking_0170.pdb,1.1404905239864034,-1.5655645898424364,2.4802,3.002685336396098,188l
./SampleStructures/188l/smina_188l_docking_0308.pdb,1.1342782336577053,-1.5570369067482923,2.1115,3.0112130194902416,188l
./SampleStructures/188l/smina_188l_docking_0050.pdb,1.10790981699339,-1.5208406749062509,2.4602,3.047409251332283,188l
./SampleStructures/188l/smina_188l_docking_0673.pdb,1.0931982206758564,-1.500645895756063,2.4521,3.067604030482471,188l
./SampleStructures/188l/smina_188l_docking_0483.pdb,1.021826930981221,-1.4026736973665923,2.479,3.1655762288719416,188l
./SampleStructures/188l/smina_188l_docking_0158.pdb,0.7876770471370356,-1.0812534320049256,2.4767,3.486996494233608,188l
./SampleStructures/188l/smina_188l_docking_0667.pdb,0.6455149711835411,-0.8861058990352125,2.4568,3.6821440272033215,188l
./SampleStructures/188l/smina_188l_docking_0785.pdb,0.4453692451011921,-0.611363536014435,2.4683,3.9568863902240983,188l
./SampleStructures/188l/smina_188l_docking_0139.pdb,0.3911205515786911,-0.5368957242809507,2.4663,4.031354201957583,188l
./SampleStructures/188l/smina_188l_docking_0279.pdb,0.3717840289870833,-0.510352255112705,2.4676,4.057897671125828,188l
./SampleStructures/188l/smina_188l_docking_0470.pdb,0.3629788003349237,-0.4982652154632186,1.2254,4.069984710775317,188l
./SampleStructures/188l/smina_188l_docking_0473.pdb,0.31828754423777905,-0.4369170090995999,2.4674,4.131332917138933,188l
./SampleStructures/188l/smina_188l_docking_0518.pdb,0.2748052305468134,-0.37722833201962414,2.471,4.191021594218911,188l
./SampleStructures/188l/smina_188l_docking_0998.pdb,0.2574044482942335,-0.3533420760996911,2.4659,4.214907850138843,188l
./SampleStructures/188l/smina_188l_docking_1107.pdb,0.2409117056704413,-0.3307022967256873,2.4686,4.2375476295128465,188l
./SampleStructures/188l/smina_188l_docking_0477.pdb,0.24023612427889285,-0.3297749183021754,2.465,4.238475007936359,188l
./SampleStructures/188l/smina_188l_docking_0821.pdb,0.23197692135425865,-0.3184374145113201,2.4633,4.249812511727214,188l
./SampleStructures/188l/smina_188l_docking_0786.pdb,0.225236104678745,-0.30918421716171257,2.4479,4.259065709076822,188l
./SampleStructures/188l/smina_188l_docking_0257.pdb,0.2099800132273688,-0.2882420032166213,2.4686,4.2800079230219135,188l
./SampleStructures/188l/smina_188l_docking_0176.pdb,0.20849157735863955,-0.2861988100104306,1.908,4.282051116228104,188l
./SampleStructures/188l/smina_188l_docking_0850.pdb,0.20824648493896405,-0.2858623687990283,1.909,4.282387557439506,188l
./SampleStructures/188l/smina_188l_docking_0994.pdb,0.1555476036848309,-0.21352200236844696,2.4742,4.354727923870087,188l
./SampleStructures/188l/smina_188l_docking_0827.pdb,0.15011812111236367,-0.2060688885741208,1.902,4.3621810376644135,188l
./SampleStructures/188l/smina_188l_docking_0068.pdb,0.14203227488376102,-0.19496935353356293,1.8867,4.373280572704972,188l
./SampleStructures/188l/smina_188l_docking_1102.pdb,0.11436997125610172,-0.15699698802756973,1.8877,4.411252938210963,188l
./SampleStructures/188l/smina_188l_docking_0033.pdb,0.10648574614412444,-0.14617422063576868,2.4734,4.422075705602764,188l
./SampleStructures/188l/smina_188l_docking_0261.pdb,0.08635435355111776,-0.11853962418365185,1.9053,4.449710302054882,188l
./SampleStructures/188l/smina_188l_docking_0550.pdb,0.07757559752082878,-0.10648892380970462,2.4747,4.461761002428831,188l
./SampleStructures/188l/smina_188l_docking_0488.pdb,0.059413649536802275,-0.08155780684876171,1.9074,4.486692119389772,188l
./SampleStructures/188l/smina_188l_docking_0102.pdb,0.057087653943376886,-0.0783648856796598,2.4730000000000003,4.489885040558876,188l
./SampleStructures/188l/smina_188l_docking_0365.pdb,0.02824693090565145,-0.03877489016133295,2.4730000000000003,4.529475036077201,188l
./SampleStructures/188l/smina_188l_docking_0323.pdb,0.024778918386243458,-0.034014309092638216,1.8951,4.534235617145897,188l
./SampleStructures/188l/smina_188l_docking_0295.pdb,0.0196164043250886,-0.0269276660748098,1.8954,4.541322260163724,188l
./SampleStructures/188l/smina_188l_docking_0378.pdb,0.019113561557388525,-0.02623740796673017,1.9036,4.542012518271804,188l
./SampleStructures/188l/smina_188l_docking_0412.pdb,0.010470907600010905,-0.014373536489185731,1.9033,4.553876389749347,188l
./SampleStructures/188l/smina_188l_docking_1055.pdb,0.008788639274003529,-0.012064267217394693,1.9051,4.556185659021138,188l
./SampleStructures/188l/smina_188l_docking_0932.pdb,-0.011459787424061396,0.01573098331016565,2.4739,4.583980909548701,188l
./SampleStructures/188l/smina_188l_docking_0444.pdb,-0.014789631976157569,0.020301899605217364,1.9129,4.588551825843751,188l
./SampleStructures/188l/smina_188l_docking_0845.pdb,-0.019499063847240542,0.026766591437879014,2.4713,4.595016517676413,188l
./SampleStructures/188l/smina_188l_docking_0624.pdb,-0.0247292225505178,0.033946091041686964,2.4798,4.602196017280222,188l
./SampleStructures/188l/smina_188l_docking_0177.pdb,-0.02554060003193204,0.03505987833512073,1.9073,4.603309804573655,188l
./SampleStructures/188l/smina_188l_docking_0801.pdb,-0.027415677705610264,0.03763381923807009,1.8998,4.6058837454766035,188l
./SampleStructures/188l/smina_188l_docking_0004.pdb,-0.04047664678650742,0.05556276320737859,2.4746,4.623812689445913,188l
./SampleStructures/188l/smina_188l_docking_0020.pdb,-0.04592787857959335,0.06304573240947989,1.9118,4.631295658648013,188l
./SampleStructures/188l/smina_188l_docking_1004.pdb,-0.0518779882514222,0.07121351707053447,2.4767,4.639463443309068,188l
./SampleStructures/188l/smina_188l_docking_0831.pdb,-0.0644423136047294,0.08846071242612852,2.4769,4.656710638664663,188l
./SampleStructures/188l/smina_188l_docking_0253.pdb,-0.06512538717094518,0.08939837544483288,2.4744,4.657648301683366,188l
./SampleStructures/188l/smina_188l_docking_0262.pdb,-0.06564547489886152,0.0901123059101132,2.4767,4.658362232148646,188l
./SampleStructures/188l/smina_188l_docking_0797.pdb,-0.07545441614030768,0.1035771534897116,2.481,4.671827079728247,188l
./SampleStructures/188l/smina_188l_docking_0509.pdb,-0.08006441166296563,0.10990534789187,0.7211,4.678155274130403,188l
./SampleStructures/188l/smina_188l_docking_0392.pdb,-0.08533395194468119,0.1171389070458438,2.4742,4.685388833284378,188l
./SampleStructures/188l/smina_188l_docking_1117.pdb,-0.08653458803061742,0.11878703414720597,2.4745,4.687036960385741,188l
./SampleStructures/188l/smina_188l_docking_0025.pdb,-0.11083606140399872,0.15214594892484262,2.4692,4.720395875163375,188l
./SampleStructures/188l/smina_188l_docking_0732.pdb,-0.11665208672703553,0.16012967444283027,2.4724,4.7283796006813645,188l
./SampleStructures/188l/smina_188l_docking_0421.pdb,-0.14551275293910934,0.19974704618823852,2.4844,4.767996972426771,188l
./SampleStructures/188l/smina_188l_docking_0887.pdb,-0.15452872792289574,0.2121233797751097,1.9165,4.780373306013644,188l
./SampleStructures/188l/smina_188l_docking_0733.pdb,-0.16275950631164005,0.2234218648753788,2.302,4.791671791113913,188l
./SampleStructures/188l/smina_188l_docking_0154.pdb,-0.16943512485248924,0.23258556398821226,0.9117,4.8008354902267465,188l
./SampleStructures/188l/smina_188l_docking_0514.pdb,-0.18550221520758609,0.2546410455487397,0.8175,4.822890971787273,188l
./SampleStructures/188l/smina_188l_docking_0847.pdb,-0.1945890310333369,0.2671146231822397,2.3588,4.835364549420773,188l
./SampleStructures/188l/smina_188l_docking_0416.pdb,-0.21075490099276087,0.2893057006530189,2.4818,4.8575556268915525,188l
./SampleStructures/188l/smina_188l_docking_0251.pdb,-0.21486538224621696,0.2949482060156489,0.9107,4.863198132254184,188l
./SampleStructures/188l/smina_188l_docking_0245.pdb,-0.2192086094016834,0.300910204381469,1.9192,4.869160130620003,188l
./SampleStructures/188l/smina_188l_docking_0045.pdb,-0.26501165930565085,0.363784583017948,2.3666,4.932034509256481,188l
./SampleStructures/188l/smina_188l_docking_0735.pdb,-0.2904632815624133,0.39872232052755663,2.4795,4.9669722467660895,188l
./SampleStructures/188l/smina_188l_docking_0953.pdb,-0.29114804040997155,0.3996622969515353,0.7363,4.967912223190068,188l
./SampleStructures/188l/smina_188l_docking_0869.pdb,-0.3123593496182133,0.4287793074853449,0.5707,4.997029233723879,188l
./SampleStructures/188l/smina_188l_docking_0252.pdb,-0.31667266031602104,0.4347002391822373,2.4778,5.002950165420772,188l
./SampleStructures/188l/smina_188l_docking_0540.pdb,-0.3378057199575535,0.4637098356269035,2.4828,5.031959761865436,188l
./SampleStructures/188l/smina_188l_docking_1068.pdb,-0.3434055570642398,0.471396797069135,2.4788,5.039646723307669,188l
./SampleStructures/188l/smina_188l_docking_0848.pdb,-0.348380610035707,0.4782261100716622,0.9234,5.046476036310197,188l
./SampleStructures/188l/smina_188l_docking_0051.pdb,-0.3554471704270559,0.4879264596037297,0.898,5.056176385842264,188l
./SampleStructures/188l/smina_188l_docking_0914.pdb,-0.3568753445971313,0.489886930876198,2.3208,5.058136857114731,188l
./SampleStructures/188l/smina_188l_docking_0476.pdb,-0.3780166908837224,0.5189079024947911,2.3987,5.087157828733325,188l
./SampleStructures/188l/smina_188l_docking_1011.pdb,-0.4141169878753157,0.568463199504438,2.4838,5.136713125742972,188l
./SampleStructures/188l/smina_188l_docking_0023.pdb,-0.4447325245236238,0.6104895022816682,2.3242,5.178739428520204,188l
./SampleStructures/188l/smina_188l_docking_1134.pdb,-0.4512663412940716,0.6194585484571485,0.8114,5.1877084746956825,188l
./SampleStructures/188l/smina_188l_docking_0909.pdb,-0.467898374727616,0.6422895339436556,0.8878,5.210539460182191,188l
./SampleStructures/188l/smina_188l_docking_0598.pdb,-0.4714354742837257,0.6471449515901234,0.9044,5.2153948778286585,188l
./SampleStructures/188l/smina_188l_docking_0806.pdb,-0.4779005167850636,0.6560195905275371,1.9379,5.224269516766071,188l
./SampleStructures/188l/smina_188l_docking_0690.pdb,-0.4836306768879797,0.6638854478604824,2.3288,5.232135374099017,188l
./SampleStructures/188l/smina_188l_docking_0817.pdb,-0.4873361390354649,0.6689719787917764,2.3278,5.237221905030308,188l
./SampleStructures/188l/smina_188l_docking_0863.pdb,-0.5088218010553969,0.6984655966169859,0.8262,5.2667155228555185,188l
./SampleStructures/188l/smina_188l_docking_0098.pdb,-0.5225697692410973,0.7173375922374158,0.8996,5.285587518475951,188l
./SampleStructures/188l/smina_188l_docking_0790.pdb,-0.5238456323782903,0.7190889843858509,0.8899,5.287338910624385,188l
./SampleStructures/188l/smina_188l_docking_0919.pdb,-0.525751056649872,0.7217045824162386,0.8933,5.289954508654773,188l
./SampleStructures/188l/smina_188l_docking_0943.pdb,-0.5268753441990195,0.7232479049943111,0.8967,5.291497831232847,188l
./SampleStructures/188l/smina_188l_docking_1129.pdb,-0.5296609358255829,0.7270717189766197,0.9044,5.295321645215153,188l
./SampleStructures/188l/smina_188l_docking_0622.pdb,-0.5312723056409814,0.7292836650393637,0.8969,5.2975335912778965,188l
./SampleStructures/188l/smina_188l_docking_0596.pdb,-0.5318968794552608,0.7301410247690708,2.3266,5.2983909510076055,188l
./SampleStructures/188l/smina_188l_docking_0043.pdb,-0.5389432273257668,0.7398136283389954,2.3266,5.3080635545775285,188l
./SampleStructures/188l/smina_188l_docking_0856.pdb,-0.5390287723152949,0.7399310569397832,0.899,5.3081809831783175,188l
./SampleStructures/188l/smina_188l_docking_0194.pdb,-0.5407767089450379,0.7423304698548938,0.9041,5.310580396093427,188l
./SampleStructures/188l/smina_188l_docking_0096.pdb,-0.5447413930086769,0.7477728377215291,0.904,5.3160227639600635,188l
./SampleStructures/188l/smina_188l_docking_0156.pdb,-0.5477285948965913,0.7518734044514331,0.9004,5.320123330689967,188l
./SampleStructures/188l/smina_188l_docking_0376.pdb,-0.5520491806635781,0.7578043227202923,0.9044,5.326054248958826,188l
./SampleStructures/188l/smina_188l_docking_0950.pdb,-0.559854544242754,0.7685188359699872,0.9004,5.336768762208521,188l
./SampleStructures/188l/smina_188l_docking_0601.pdb,-0.5605405656944105,0.7694605455852775,2.3266,5.3377104718238115,188l
./SampleStructures/188l/smina_188l_docking_0343.pdb,-0.5640485486908902,0.7742759945921327,0.8961,5.342525920830667,188l
./SampleStructures/188l/smina_188l_docking_0638.pdb,-0.5654846248222394,0.7762473129786281,0.9001,5.344497239217162,188l
./SampleStructures/188l/smina_188l_docking_0916.pdb,-0.5671529882202573,0.7785374947942529,2.3242,5.346787421032786,188l
./SampleStructures/188l/smina_188l_docking_0263.pdb,-0.5719222550420211,0.7850843227587374,0.905,5.353334248997272,188l
./SampleStructures/188l/smina_188l_docking_0787.pdb,-0.5720193371528213,0.785217588499907,0.9023,5.3534675147384405,188l
./SampleStructures/188l/smina_188l_docking_0393.pdb,-0.572743641086388,0.7862118489227925,2.3267,5.354461775161326,188l
./SampleStructures/188l/smina_188l_docking_0471.pdb,-0.5744310900920793,0.7885282297737628,2.3293,5.356778156012297,188l
./SampleStructures/188l/smina_188l_docking_1022.pdb,-0.5749968391746472,0.7893048401109607,2.3263,5.357554766349495,188l
./SampleStructures/188l/smina_188l_docking_0860.pdb,-0.5768001539864951,0.7917802712999016,2.3274,5.360030197538436,188l
./SampleStructures/188l/smina_188l_docking_0779.pdb,-0.5835501501533829,0.8010460694439444,2.3268,5.369295995682478,188l
./SampleStructures/188l/smina_188l_docking_0179.pdb,-0.5838086318755162,0.8014008903063564,0.9029,5.3696508165448895,188l
./SampleStructures/188l/smina_188l_docking_0966.pdb,-0.5860693818424516,0.8045042480461035,0.9046,5.372754174284637,188l
./SampleStructures/188l/smina_188l_docking_0885.pdb,-0.5875702612478615,0.8065645226396357,0.8996,5.374814448878169,188l
./SampleStructures/188l/smina_188l_docking_1084.pdb,-0.5881852905621665,0.8074087805233624,0.9034,5.375658706761897,188l
./SampleStructures/188l/smina_188l_docking_0074.pdb,-0.5890934909847063,0.8086554777927428,0.9051,5.376905404031278,188l
./SampleStructures/188l/smina_188l_docking_0259.pdb,-0.5893313911066693,0.8089820460535319,0.8981,5.3772319722920665,188l
./SampleStructures/188l/smina_188l_docking_0394.pdb,-0.5901806582447535,0.8101478449187903,0.9027,5.378397771157324,188l
./SampleStructures/188l/smina_188l_docking_0549.pdb,-0.5917500018654991,0.8123021011359719,0.9045,5.380552027374506,188l
./SampleStructures/188l/smina_188l_docking_0130.pdb,-0.5928886706177985,0.8138651649586585,0.9022,5.382115091197194,188l
./SampleStructures/188l/smina_188l_docking_0997.pdb,-0.59384313554117,0.815175370045724,2.3266,5.383425296284258,188l
./SampleStructures/188l/smina_188l_docking_0146.pdb,-0.5948710194341644,0.8165863582052021,0.9028,5.384836284443736,188l
./SampleStructures/188l/smina_188l_docking_0931.pdb,-0.5972405602821969,0.8198390544511105,0.9018,5.388088980689645,188l
./SampleStructures/188l/smina_188l_docking_0851.pdb,-0.5972551300957409,0.8198590546034007,0.9017,5.388108980841935,188l
./SampleStructures/188l/smina_188l_docking_1061.pdb,-0.5972747557533138,0.8198859949715162,2.3283,5.388135921210051,188l
./SampleStructures/188l/smina_188l_docking_0385.pdb,-0.5996560705032903,0.8231548533893851,0.9066,5.391404779627919,188l
./SampleStructures/188l/smina_188l_docking_0341.pdb,-0.6025544945652834,0.8271335537664325,2.3282,5.395383480004966,188l
./SampleStructures/188l/smina_188l_docking_1039.pdb,-0.6025653457689071,0.8271484493396907,0.9031,5.395398375578225,188l
./SampleStructures/188l/smina_188l_docking_0267.pdb,-0.6044764093555144,0.8297717885233185,0.9042,5.398021714761853,188l
./SampleStructures/188l/smina_188l_docking_0240.pdb,-0.6051452143420497,0.8306898648969563,2.3267,5.39893979113549,188l
./SampleStructures/188l/smina_188l_docking_0409.pdb,-0.6064684756777896,0.8325063211030992,0.902,5.400756247341633,188l
./SampleStructures/188l/smina_188l_docking_0652.pdb,-0.6068980304176135,0.8330959758840231,2.3268,5.401345902122557,188l
./SampleStructures/188l/smina_188l_docking_0499.pdb,-0.6078219201038642,0.8343642099879409,0.9048,5.402614136226474,188l
./SampleStructures/188l/smina_188l_docking_0203.pdb,-0.6094881606172913,0.8366514776952292,0.9026,5.4049014039337635,188l
./SampleStructures/188l/smina_188l_docking_1109.pdb,-0.6098663176684243,0.8371705782718686,0.9029,5.405420504510404,188l
./SampleStructures/188l/smina_188l_docking_1059.pdb,-0.609961020438778,0.8373005778647696,0.902,5.405550504103303,188l
./SampleStructures/188l/smina_188l_docking_0407.pdb,-0.6116086936838809,0.8395623580671581,0.9014,5.407812284305692,188l
./SampleStructures/188l/smina_188l_docking_0080.pdb,-0.6132464879508692,0.8418105772815373,0.9051,5.410060503520072,188l
./SampleStructures/188l/smina_188l_docking_0171.pdb,-0.6158846602025547,0.8454320269755753,0.9031,5.413681953214109,188l
./SampleStructures/188l/smina_188l_docking_0313.pdb,-0.6168067492701721,0.8466977893493797,0.901,5.414947715587914,188l
./SampleStructures/188l/smina_188l_docking_0948.pdb,-0.6226321976498013,0.8546944500066068,0.9033,5.422944376245141,188l
./SampleStructures/188l/smina_188l_docking_0849.pdb,-0.6265863208884053,0.8601223209060458,0.904,5.42837224714458,188l
./SampleStructures/188l/smina_188l_docking_0222.pdb,-0.6266077071357872,0.8601516780562425,0.9017,5.428401604294777,188l
./SampleStructures/188l/smina_188l_docking_0925.pdb,-0.6278146033227512,0.8618083984710009,2.3288,5.430058324709535,188l
./SampleStructures/188l/smina_188l_docking_0555.pdb,-0.6282894659423549,0.8624602479047805,0.9059,5.4307101741433135,188l
./SampleStructures/188l/smina_188l_docking_0408.pdb,-0.6287448311323138,0.8630853329904107,2.327,5.431335259228945,188l
./SampleStructures/188l/smina_188l_docking_0061.pdb,-0.6291794247548008,0.8636819047040964,2.3296,5.431931830942631,188l
./SampleStructures/188l/smina_188l_docking_0083.pdb,-0.6323442135034711,0.8680262469805511,0.9052,5.436276173219085,188l
./SampleStructures/188l/smina_188l_docking_1007.pdb,-0.6323492930934131,0.8680332197926672,0.9001,5.436283146031201,188l
./SampleStructures/188l/smina_188l_docking_0778.pdb,-0.6343643393530352,0.8707992971993711,2.329,5.439049223437905,188l
./SampleStructures/188l/smina_188l_docking_0010.pdb,-0.6361495529949015,0.8732498807020209,0.9028,5.4414998069405565,188l
./SampleStructures/188l/smina_188l_docking_0192.pdb,-0.6373829136622797,0.8749429292164468,2.3288,5.443192855454981,188l
./SampleStructures/188l/smina_188l_docking_0653.pdb,-0.6401186897563891,0.8786983608387143,2.3281,5.446948287077248,188l
./SampleStructures/188l/smina_188l_docking_0563.pdb,-0.6409772028744025,0.8798768517680201,0.8845,5.448126778006554,188l
./SampleStructures/188l/smina_188l_docking_1116.pdb,-0.6431814253570605,0.8829026135734946,0.9049,5.451152539812028,188l
./SampleStructures/188l/smina_188l_docking_0811.pdb,-0.645731072167953,0.8864025433666735,2.3285,5.454652469605207,188l
./SampleStructures/188l/smina_188l_docking_0698.pdb,-0.64578947286551,0.8864827106825736,2.3296,5.454732636921109,188l
./SampleStructures/188l/smina_188l_docking_0839.pdb,-0.6466227250816527,0.8876265256784588,2.3287,5.455876451916993,188l
./SampleStructures/188l/smina_188l_docking_0029.pdb,-0.6473072871773633,0.888566232018891,2.3289,5.456816158257425,188l
./SampleStructures/188l/smina_188l_docking_0734.pdb,-0.6481151590836167,0.8896752071685818,2.332,5.457925133407116,188l
./SampleStructures/188l/smina_188l_docking_0335.pdb,-0.6533534843454798,0.8968659171022206,0.9025,5.4651158433407545,188l
./SampleStructures/188l/smina_188l_docking_0490.pdb,-0.6545596844379751,0.8985216819800161,2.3292,5.466771608218551,188l
./SampleStructures/188l/smina_188l_docking_0874.pdb,-0.6569614125313699,0.90181856203151,2.3280000000000003,5.470068488270044,188l
./SampleStructures/188l/smina_188l_docking_0126.pdb,-0.6597181223436115,0.9056027296118172,2.3284,5.473852655850352,188l
./SampleStructures/188l/smina_188l_docking_0175.pdb,-0.6599906141542049,0.9059767822853948,2.3285,5.474226708523929,188l
./SampleStructures/188l/smina_188l_docking_0969.pdb,-0.6602059095242403,0.9062723207406432,2.3262,5.474522246979177,188l
./SampleStructures/188l/smina_188l_docking_0723.pdb,-0.6624035177525451,0.9092890030823384,2.3280000000000003,5.477538929320872,188l
./SampleStructures/188l/smina_188l_docking_0052.pdb,-0.664118304409782,0.9116429106451304,2.3281,5.479892836883664,188l
./SampleStructures/188l/smina_188l_docking_0588.pdb,-0.6642121794654656,0.9117717740244894,2.3294,5.480021700263023,188l
./SampleStructures/188l/smina_188l_docking_0616.pdb,-0.6652474693693864,0.9131929285011916,2.3288,5.481442854739727,188l
./SampleStructures/188l/smina_188l_docking_0472.pdb,-0.6670178492788517,0.9156231495670708,2.329,5.4838730758056045,188l
./SampleStructures/188l/smina_188l_docking_0900.pdb,-0.6716102735046072,0.9219272236458688,2.3307,5.490177149884403,188l
./SampleStructures/188l/smina_188l_docking_0414.pdb,-0.6741281998469351,0.925383610383394,2.329,5.493633536621928,188l
./SampleStructures/188l/smina_188l_docking_0100.pdb,-0.6746695354174861,0.926126708009067,2.327,5.494376634247601,188l
./SampleStructures/188l/smina_188l_docking_0572.pdb,-0.6760444481839549,0.9280140667341376,2.3280000000000003,5.496263992972672,188l
./SampleStructures/188l/smina_188l_docking_0536.pdb,-0.6835615160299913,0.9383328330822024,0.8847,5.506582759320736,188l
./SampleStructures/188l/smina_188l_docking_0241.pdb,-0.683627507278139,0.9384234200350676,0.9027,5.506673346273601,188l
./SampleStructures/188l/smina_188l_docking_0637.pdb,-0.6877914256549547,0.9441392791576414,2.3302,5.512389205396175,188l
./SampleStructures/188l/smina_188l_docking_0120.pdb,-0.6887213854749321,0.9454158458046348,2.3301,5.5136657720431685,188l
./SampleStructures/188l/smina_188l_docking_0825.pdb,-0.6902412588966387,0.9475021937049658,2.3284,5.5157521199435,188l
./SampleStructures/188l/smina_188l_docking_0625.pdb,-0.6998054544087342,0.960631075978998,2.3297,5.528881002217531,188l
./SampleStructures/188l/smina_188l_docking_0922.pdb,-0.7019300113898339,0.963547480025115,2.3293,5.5317974062636495,188l
./SampleStructures/188l/smina_188l_docking_0551.pdb,-0.7060684619361117,0.9692283791608838,2.3288,5.537478305399418,188l
./SampleStructures/188l/smina_188l_docking_0789.pdb,-0.7065213751909774,0.9698500984467304,2.3256,5.538100024685264,188l
./SampleStructures/188l/smina_188l_docking_0200.pdb,-0.7107187081376107,0.975611826137426,2.3283,5.54386175237596,188l
./SampleStructures/188l/smina_188l_docking_0819.pdb,-0.7147895520352271,0.98119992084128,2.3293,5.5494498470798135,188l
./SampleStructures/188l/smina_188l_docking_0533.pdb,-0.7265693165054959,0.9973701403595241,2.3307,5.565620066598059,188l
./SampleStructures/188l/smina_188l_docking_0248.pdb,-0.7269906056323556,0.9979484488375214,2.3287,5.566198375076056,188l
./SampleStructures/188l/smina_188l_docking_0436.pdb,-0.7272750653829227,0.9983389300413168,2.3288,5.56658885627985,188l
./SampleStructures/188l/smina_188l_docking_0228.pdb,-0.7277008601270927,0.9989234234325316,2.3288,5.567173349671067,188l
./SampleStructures/188l/smina_188l_docking_0711.pdb,-0.7290713486908089,1.0008047090030936,2.33,5.569054635241628,188l
./SampleStructures/188l/smina_188l_docking_0937.pdb,-0.7313185173526202,1.0038894235275408,2.3287,5.572139349766076,188l
./SampleStructures/188l/smina_188l_docking_0705.pdb,-0.7356714104514417,1.0098646904460808,2.3337,5.5781146166846165,188l
./SampleStructures/188l/smina_188l_docking_0707.pdb,-0.7361155322909916,1.0104743416540056,2.3281,5.5787242678925395,188l
./SampleStructures/188l/smina_188l_docking_0147.pdb,-0.7469249146134159,1.0253125063262607,2.329,5.593562432564795,188l
./SampleStructures/188l/smina_188l_docking_0828.pdb,-0.7534209021096574,1.0342296238176252,2.3311,5.60247955005616,188l
./SampleStructures/188l/smina_188l_docking_1083.pdb,-0.7611531384547092,1.0448437544636158,2.3289,5.61309368070215,188l
./SampleStructures/188l/smina_188l_docking_0114.pdb,-0.764467797156442,1.0493938249654795,2.3228,5.617643751204014,188l
./SampleStructures/188l/smina_188l_docking_0636.pdb,-0.7941019715468993,1.090073000372174,2.3291,5.658322926610707,188l
./SampleStructures/188l/smina_188l_docking_0475.pdb,-0.7942105975635183,1.0902221125669511,0.5944,5.658472038805485,188l
./SampleStructures/188l/smina_188l_docking_0745.pdb,-0.7948912361560057,1.0911564330689347,2.3296,5.659406359307468,188l
./SampleStructures/188l/smina_188l_docking_0348.pdb,-0.7959932262931791,1.092669147730591,2.33,5.660919073969126,188l
./SampleStructures/188l/smina_188l_docking_1034.pdb,-0.8035167889855508,1.1029968296296624,1.9354,5.6712467558681965,188l
./SampleStructures/188l/smina_188l_docking_0079.pdb,-0.8103390358231595,1.112361807108644,2.3297,5.6806117333471775,188l
./SampleStructures/188l/smina_188l_docking_1106.pdb,-0.8148396705628159,1.1185398806936773,2.3278,5.686789806932211,188l
./SampleStructures/188l/smina_188l_docking_0944.pdb,-0.8230971759939241,1.1298750543154517,2.3286,5.6981249805539855,188l
./SampleStructures/188l/smina_188l_docking_0337.pdb,-0.8317490630405917,1.141751600161913,2.3033,5.710001526400447,188l
./SampleStructures/188l/smina_188l_docking_0815.pdb,-0.8348770897242153,1.146045478724662,2.33,5.714295404963195,188l
./SampleStructures/188l/smina_188l_docking_0359.pdb,-0.8424046383376371,1.1563786321438578,2.3289,5.724628558382393,188l
./SampleStructures/188l/smina_188l_docking_0893.pdb,-0.8639210696327195,1.1859144873104723,2.3324,5.754164413549006,188l
./SampleStructures/188l/smina_188l_docking_0576.pdb,-0.8644586757380761,1.1866524654559527,2.3288,5.754902391694486,188l
./SampleStructures/188l/smina_188l_docking_1038.pdb,-0.8659319033674384,1.1886747821353103,2.3173,5.756924708373845,188l
./SampleStructures/188l/smina_188l_docking_0205.pdb,-0.8760250825047811,1.2025298063762206,2.3298,5.770779732614756,188l
./SampleStructures/188l/smina_188l_docking_0799.pdb,-0.8843973139382388,1.2140224657140404,2.3293,5.782272391952574,188l
./SampleStructures/188l/smina_188l_docking_0188.pdb,-0.8969049761163399,1.231191878870848,2.3296,5.799441805109383,188l
./SampleStructures/188l/smina_188l_docking_0519.pdb,-0.9113586104079996,1.2510325505517157,0.8702,5.819282476790249,188l
./SampleStructures/188l/smina_188l_docking_1111.pdb,-0.9146048849520448,1.2554887493259936,1.9425,5.8237386755645275,188l
./SampleStructures/188l/smina_188l_docking_0370.pdb,-0.9278247854262708,1.27363586026502,2.3307,5.8418857865035525,188l
./SampleStructures/188l/smina_188l_docking_0152.pdb,-0.9417823601397908,1.2927955852009083,2.3321,5.861045511439443,188l
./SampleStructures/188l/smina_188l_docking_0872.pdb,-0.9481086586658218,1.3014797686718138,2.3301,5.8697296949103475,188l
./SampleStructures/188l/smina_188l_docking_0013.pdb,-0.95412123976309,1.3097333085842169,2.3306,5.87798323482275,188l
./SampleStructures/188l/smina_188l_docking_0901.pdb,-0.962034793791001,1.320596336119595,2.3294,5.888846262358129,188l
./SampleStructures/188l/smina_188l_docking_0006.pdb,-0.9645486887558166,1.324047188938382,0.7937,5.892297115176916,188l
./SampleStructures/188l/smina_188l_docking_0103.pdb,-1.0127380488713262,1.390197283320847,0.8761,5.958447209559381,188l
./SampleStructures/188l/smina_188l_docking_0818.pdb,-1.0192261425477502,1.3991035648740562,2.3308,5.96735349111259,188l
./SampleStructures/188l/smina_188l_docking_0738.pdb,-1.0227825516015674,1.4039854888923196,2.2806,5.972235415130854,188l
./SampleStructures/188l/smina_188l_docking_0234.pdb,-1.053901234286803,1.4467024660788208,2.335,6.014952392317356,188l
./SampleStructures/188l/smina_188l_docking_0218.pdb,-1.0659130580629794,1.4631912361018091,2.2933,6.031441162340343,188l
./SampleStructures/188l/smina_188l_docking_0654.pdb,-1.0716877851731998,1.4711182710833577,0.6248,6.039368197321893,188l
./SampleStructures/188l/smina_188l_docking_0583.pdb,-1.1013050694352209,1.5117742612145568,0.5824,6.080024187453091,188l
./SampleStructures/188l/smina_188l_docking_0633.pdb,-1.1500054483753823,1.578625837073449,2.3345,6.146875763311982,188l
./SampleStructures/188l/smina_188l_docking_0334.pdb,-1.187781448287363,1.6304813909463307,0.5920000000000001,6.1987313171848655,188l
./SampleStructures/188l/smina_188l_docking_0910.pdb,-1.2096822146415929,1.6605448273129484,2.3384,6.228794753551482,188l
./SampleStructures/188l/smina_188l_docking_1110.pdb,-1.220553244745516,1.6754676166109466,2.4322,6.243717542849481,188l
./SampleStructures/188l/smina_188l_docking_0012.pdb,-1.3781089830776097,1.8917462087355288,2.3285,6.459996134974062,188l
./SampleStructures/188l/smina_188l_docking_0975.pdb,-1.4271416514640392,1.959053922177079,2.3337,6.527303848415612,188l
./SampleStructures/188l/smina_188l_docking_1030.pdb,-1.4583855382051922,2.001942768425468,2.0243,6.5701926946640015,188l
./SampleStructures/188l/smina_188l_docking_0213.pdb,-1.4679166074906942,2.015026177943472,2.3062,6.583276104182005,188l
./SampleStructures/188l/smina_188l_docking_0664.pdb,-1.4949572071672304,2.052145123214248,1.9753,6.620395049452782,188l
./SampleStructures/188l/smina_188l_docking_1092.pdb,-1.7169623131918899,2.3568941109932693,2.2061,6.925144037231803,188l
./SampleStructures/188l/smina_188l_docking_0577.pdb,-2.0128608552414162,2.7630774767257007,2.369,7.3313274029642335,188l
./SampleStructures/188l/smina_188l_docking_0539.pdb,-2.0218930893908182,2.775476129458073,2.4014,7.343726055696607,188l
./SampleStructures/188l/smina_188l_docking_0286.pdb,-2.0457643309266373,2.808244459994856,1.9375,7.3764943862333885,188l
./SampleStructures/188l/smina_188l_docking_0077.pdb,-2.1016500133904605,2.884959385462824,1.9273,7.453209311701357,188l
./SampleStructures/188l/smina_188l_docking_0133.pdb,-2.19087259686309,3.0074362621761583,2.4644,7.575686188414693,188l
./SampleStructures/188l/smina_188l_docking_0463.pdb,-2.213724677397312,3.038805578567805,1.9661,7.60705550480634,188l
./SampleStructures/188l/smina_188l_docking_0871.pdb,-2.286786022720393,3.1390977359495795,2.3011,7.707347662188113,188l
./SampleStructures/188l/smina_188l_docking_0091.pdb,-2.357344668258788,3.2359544082663687,2.3339,7.804204334504902,188l
./SampleStructures/188l/smina_188l_docking_0615.pdb,-2.4874476063659348,3.414548222639385,2.1003,7.982798148877919,188l
./SampleStructures/188l/smina_188l_docking_0865.pdb,-2.6230295243827744,3.6006630963764814,2.201,8.168913022615017,188l
./SampleStructures/188l/smina_188l_docking_0099.pdb,-2.74508137145752,3.7682050845704698,1.919,8.336455010809004,188l
./SampleStructures/188l/smina_188l_docking_0449.pdb,-2.777412658847119,3.812586618319872,2.4864,8.380836544558406,188l
./SampleStructures/188l/smina_188l_docking_0056.pdb,-2.8474942137208488,3.908788382739546,1.9441,8.477038308978079,188l
./SampleStructures/188l/smina_188l_docking_0532.pdb,-2.8953422623001943,3.974469954811757,1.4473,8.542719881050289,188l
./SampleStructures/188l/smina_188l_docking_0924.pdb,-2.926956509291677,4.017867198877755,2.4093,8.586117125116289,188l
./SampleStructures/188l/smina_188l_docking_0353.pdb,-3.0781223792542263,4.225374344468833,0.6635,8.793624270707369,188l
./SampleStructures/188l/smina_188l_docking_0460.pdb,-3.1330288630520684,4.300745112553957,1.9695,8.868995038792493,188l
./SampleStructures/188l/smina_188l_docking_0374.pdb,-3.2237344771452547,4.425257762626532,2.3315,8.993507688865067,188l
./SampleStructures/188l/smina_188l_docking_1131.pdb,-3.2900768120036306,4.516326656297568,2.3171,9.0845765825361,188l
./SampleStructures/188l/smina_188l_docking_1072.pdb,-3.688386895718927,5.063091534853699,2.3511,9.631341461092235,188l
./SampleStructures/188l/smina_188l_docking_0072.pdb,-3.748059718806732,5.145005112246398,2.2867,9.713255038484933,188l
./SampleStructures/188l/smina_188l_docking_0995.pdb,-4.294420100871364,5.895000355050688,2.3273,10.463250281289222,188l
./SampleStructures/188l/smina_188l_docking_0575.pdb,-4.350903493737722,5.9725357645310195,2.0594,10.540785690769553,188l
./SampleStructures/188l/smina_188l_docking_0015.pdb,-4.548030490823165,6.243134283193173,2.0045,10.811384209431708,188l
./SampleStructures/188l/smina_188l_docking_0556.pdb,-4.613715145315852,6.333300371386827,1.3677,10.901550297625363,188l
./SampleStructures/188l/smina_188l_docking_0741.pdb,-4.704118891869139,6.457398644380988,1.695,11.025648570619524,188l
./SampleStructures/188l/smina_188l_docking_0328.pdb,-4.906097554093225,6.734657100134318,0.6148,11.30290702637285,188l
./SampleStructures/188l/smina_188l_docking_0011.pdb,-5.953968049995914,8.173081101582174,2.0387,12.741331027820705,188l
./SampleStructures/188l/smina_188l_docking_0930.pdb,-6.016219215133902,8.258533999056343,2.0064,12.826783925294876,188l
./SampleStructures/188l/smina_188l_docking_0455.pdb,-6.210584057130113,8.52534087534321,2.3416,13.09359080158174,188l
./SampleStructures/188l/smina_188l_docking_0332.pdb,-6.350435701239781,8.717316851683679,2.0055,13.285566777922213,188l
./SampleStructures/188l/smina_188l_docking_0039.pdb,-6.3611875540004155,8.73207604485822,2.026,13.300325971096756,188l
./SampleStructures/188l/smina_188l_docking_0766.pdb,-6.3784852416771125,8.755820781656329,2.0271,13.324070707894863,188l
./SampleStructures/188l/smina_188l_docking_0237.pdb,-6.379849083420655,8.757692943059627,2.0367,13.32594286929816,188l
./SampleStructures/188l/smina_188l_docking_0947.pdb,-6.38419081390517,8.763652886927849,2.0209,13.33190281316638,188l
./SampleStructures/188l/smina_188l_docking_0911.pdb,-6.397803422247343,8.78233907251877,1.9953,13.350588998757305,188l
./SampleStructures/188l/smina_188l_docking_0804.pdb,-6.503999375792503,8.928115491487802,2.0115,13.496365417726338,188l
./SampleStructures/188l/smina_188l_docking_0144.pdb,-7.2239531226159155,9.916404362500431,1.4563,14.484654288738966,188l
./SampleStructures/188l/smina_188l_docking_0333.pdb,-7.927474385800372,10.88213617234749,2.3717,15.450386098586025,188l
./SampleStructures/188l/smina_188l_docking_0881.pdb,-9.435597762064024,12.952354648814325,2.3214,17.520604575052854,188l
./SampleStructures/188l/smina_188l_docking_0106.pdb,-10.742259115246537,14.746023866080467,1.3447,19.314273792319,188l
./SampleStructures/188l/smina_188l_docking_0214.pdb,-14.889383398202796,20.438829540938865,1.8048,25.00707946717739,188l
./SampleStructures/188l/smina_188l_docking_0497.pdb,-16.368663736541464,22.46945484421474,1.0261,27.03770477045327,188l
./SampleStructures/188l/smina_188l_docking_0757.pdb,-16.70269607105942,22.927984909818296,2.1987,27.49623483605683,188l
./SampleStructures/188l/smina_188l_docking_0321.pdb,-17.371802418328215,23.846474964835483,1.9747,28.414724891074,188l
